address,details,fone,link,name
"R. Expedicionário Adir Jorge, 153",Imobiliária,(41) 99963-5226,http://www.mscorretor.com.br/,MS Corretor de Imóveis
"R. Cap. João Ribas de Oliveira, 483/1",Imobiliária,(41) 3151-2833,http://www.oliveiraefurquimimoveis.com.br/sobre,J.Furquim Imoveis
"Praça Gen. Osório, 115",Imobiliária,(41) 3225-4228,,Edifício Santa Júlia Curitiba
"R. Via Veneto, 890 - sala 3",Imobiliária,(41) 3364-0042,,Imobiliária Bela Curitiba
"Tv. Ferreira do Amaral, 20 - Loja 06",Imobiliária,(41) 3342-1516,http://www.galoimoveis.com.br/,Galo Imobiliária
"Av. Pres. Getúlio Vargas, 2932",Imobiliária,(41) 3022-6266,http://www.origemimoveis.com.br/,Origem Imóveis
"R. Armando Sáles de Oliveira, 354",Imobiliária,(41) 3093-7888,https://www.onimaximoveis.com.br/contato.php,ONIMAX IMÓVEIS
"Av. Manoel Ribas, 5774",Imobiliária,(41) 3515-1589,/aclk?sa=l&ai=DChcSEwiiw7rb--3pAhXFCpEKHWG5BrgYABAAGgJjZQ&sig=AOD64_0uWjGZBXKRcZfCwiBUQwnoEx4yrg&adurl&q&ctype=99,Gonzaga Aluguel
Curitiba,,(41) 99684-7181,https://www.airbnb.com.br/rooms/17196270?s=51,Amazing Apartment in Curitiba
"R. Manoel Eufrásio, 784",Imobiliária,(41) 3015-2323,http://www.imoveisgh.com.br/,Imobiliária Green House Ltda
"R. Des. José Carlos Ribeiro Ribas, 945",Imobiliária,(41) 99657-9793,http://www.imovelemcuritiba.com.br/,Imóvel em Curitiba
"Av. Pres. Kennedy, 1215",Imobiliária,(41) 4004-9000,http://www.mrv.com.br/,MRV
"Av. Iguaçu, 1748",Imobiliária,(41) 3223-8015,http://www.romai.com.br/,Roma Imóveis
"Av. Sete de Setembro, 3695",Corretora de aluguel de imóveis,(41) 3515-1551,http://www.gonzagaimoveis.com.br/?pht=29941561654075739,Gonzaga Aluguel
"Rua Rodolpho Senff, 63",Imobiliária,(41) 99928-3388,https://www.elkcorretoradeimoveis.com.br/,E.L.K. - Corretora de Imóveis
"Av. Rep. Argentina, 919 - Loja 2",Imobiliária,(41) 3342-3443,http://www.opusimobiliaria.com.br/,Opus Empreendimentos Imobiliários
"R. Comendador Fontana, 75",Imobiliária,(41) 3014-1101,http://www.galvaovendas.com/,Galvão Vendas
"R. Sete de Abril, 209",Imobiliária,(41) 99974-2920,http://www.cm2imoveis.com.br/,CM2 Imóveis & Design
"11º andar - Edifício Farid Surugi - Rua Presidente Faria, 51",Centro comercial,(41) 3025-3366,https://www.szlimoveis.com.br/,SZL Imóveis
"Av. Com. Franco, 2921",Imobiliária,(41) 3044-2500,https://www.imoveisboulevard.com.br/,Boulevard Imóveis
Fazenda Rio Grande,Imobiliária,(41) 3627-2444,/aclk?sa=l&ai=DChcSEwi7vrHq--3pAhUNEZEKHYu9APQYABAAGgJjZQ&sig=AOD64_2ZuLGCTjnyCBbi7_IrU6k9bxI8-A&adurl&q&ctype=99,RM Imóveis
"Rua Visconde de Nácar, 1210",Imobiliária,(41) 3028-2020,http://www.imobiliariarazao.com.br/,Imobiliária Razão
"R. Rio Grande do Sul, 329",Imobiliária,(41) 3092-4539,http://www.abcimoveis4.com.br/sobre,ABC IMOVEIS ASSESSORIA IMOBILIARIA
"Av. Ver. Toaldo Túlio, 4230",Imobiliária,(41) 3044-4230,https://www.magaimoveis.com.br/contato.php,Imobiliária em Curitiba - Magalhães Imóveis
"Rua Alcino Guanabara, 1477",Imobiliária,(41) 3278-2824,http://www.aebimoveis.com.br/,AeB Imóveis
"R. Maestro Francisco Antonello, 428",Imobiliária,(41) 3332-3350,http://www.miamiimobiliaria.com.br/,Miami Imobiliária Curitiba
"R. Raul Pompéia, 301 - Sobre Loja Mafrei",Imobiliária,(41) 3239-6290,http://www.rezendecorretoradeimoveis.com.br/,Rezende Imóveis
"Rua Alberto Bolliger, 100",Imobiliária,(41) 3353-2552,http://www.tantus.com.br/,Imobiliária Tantus
"Av. Rep. Argentina, 955",Imobiliária,(41) 3025-1414,http://www.imobiliariax.com.br/,Imobiliária X
"Condomínio Triumph Center Batel - R. Francisco Rocha, 62",Imobiliária,(41) 3243-3438,http://www.construa.com.br/,Construa Assessoria Imobiliária
"Rua Luiz França, 746, Sobre loja",Imobiliária,(41) 3206-9139,http://www.lotimobiliaria.com.br/,Lot Imóveis
,Imobiliária,(41) 99692-7550,http://www.imobiliariabaumann.com.br/,Imobiliária Baumann
"Rua Professor João Soares Barcelos, 778, Salas 4 e 5",Imobiliária,(41) 3276-8888,http://www.ligueimoveis.com/,Ligue Imóveis imoveis os melhores imoveis de Curitiba e Regiao PR
"Av. Manoel Ribas, 279",Imobiliária,(41) 3149-9090,/aclk?sa=l&ai=DChcSEwjuysXW--3pAhVRBpEKHdekAD0YABABGgJjZQ&sig=AOD64_3lhFc1zSlOFyXecIJ2Ubq1xLiuMg&adurl&q&ctype=99,Imobiliária Sergio Luiz
"R. João Negrão, 731",Imobiliária,(41) 3346-6361,http://www.bemteviimoveis.com.br/,Imobiliária Bemtevi
"R. Francisco Derosso, 4891",Imobiliária,(41) 3342-7070,http://mscorretor.com.br/,Imobiliária MS Curitiba
"av. Marechal Floriano Peixoto, 306 sala 134 - 13º andar - CEP",Imobiliária,(41) 99815-9640,http://www.vdpimoveis.com.br/contato,VDP Imóveis Ltda
"R. Nadim Caluf, 47",Imobiliária,(41) 3272-5000,http://www.aimobiliariacuritiba.com.br/,A Imobiliária Curitiba
"Rua Cornélius Pries, 296",Imobiliária,(41) 3079-3238,http://www.nossacapitalimoveis.com.br/,NOSSA CAPITAL IMOVEIS
"Av. Manoel Ribas, 1489",Imobiliária,(41) 3044-9800,http://www.otimoveis.com.br/,Imobiliária Otimóveis
"R. Treze de Maio, 825",Imobiliária,(41) 3148-6200,http://www.icontinental.com.br/contato,Imobiliária Continental Ltda
"Sobreloja, R. Carlos Augusto Cornelsen, 307",Imobiliária,(41) 3078-6095,http://hoffmannassessoria.com.br/,Hoffmann Assessoria Imobiliária
"Av. Rep. Argentina, 2219",Imobiliária,(41) 3345-9191,http://www.imoveispresidente.com.br/,Imóveis Presidente
"Alameda Júlia da Costa, 1123",Imobiliária,(41) 3024-5544,http://www.casareal.com.br/,Casa Real Imobiliária
"Rua Moyses Guelmann, 76",Imobiliária,(41) 3154-2244,http://www.taticaimoveis.com.br/,Tática Imóveis
"R. Jaime Balão, 390",Corretora de aluguel de imóveis,(41) 3353-3000,http://www.imobiliariajuveve.com.br/,Imobiliária Juvevê
"R. Padre Anchieta, 2443 - loja 05",Imobiliária,(41) 3206-0842,http://www.imobiliariapadreanchieta.com.br/,Imobiliária Padre Anchieta
"Av. Nossa Sra. de Lourdes, 867",Imobiliária,(41) 3515-1771,http://www.jbaimoveis.com.br/,JBA Imóveis - Jardim das Américas
"R. Tijucas do Sul, 548",Imobiliária,(41) 3092-2292,https://www.apolar.com.br/,Apolar Imóveis Sítio Cercado
"R. Prof. João Soares Barcelos, 1555",Imobiliária,(41) 3515-1771,http://www.jbaimoveis.com.br/,JBA Imóveis - Boqueirão
Araucária,Imobiliária,(41) 3642-3211,http://www.imobiliariabarracao.com.br/,Imobiliária Barracão
152/306 - R. Dr. Pedrosa,Imobiliária,(41) 99620-7211,https://www.oliverempreendimentos.com.br/,Oliver Imóveis
"R. Brasílio Itiberê, 4041",Imobiliária,(41) 3342-7070,http://www.aguaverdeimoveis.com.br/,Imobiliária Água Verde
"R. Teixeira Coelho, 290",Imobiliária,(41) 3244-2888,https://www.ocasiaoimoveis.com.br/,Ocasião Imóveis Batel
"R. Dep. Estefano Mikilita, 125 - sala 506",Imobiliária,(41) 3345-8046,http://www.imobiliariaivanfreitas.com.br/,Imobiliária Ivan Freitas
"Av. Manoel Ribas, 279",Imobiliária,(41) 3149-9090,/aclk?sa=l&ai=DChcSEwjYg9Hc--3pAhULB5EKHdQcDwIYABABGgJjZQ&sig=AOD64_2h3oTt2XZVPJ0iF-C8MAmihaeRHA&adurl&q&ctype=99,Imobiliária Sergio Luiz
"R. Voltaire, 96",Imobiliária,(41) 99958-7055,,PARANA NEGOCIOS IMOBILIARIOS
"Av. Winston Churchill, 2370",Consultora de imóveis,(41) 3092-7070,http://jlconsultoriaimobiliaria.com.br/,JL Consultoria Imobiliária
"R. Prof. Fernando Moreira, 151",Imobiliária,(41) 3259-5900,http://www.futuramaimoveis.com.br/,Futurama Imóveis
"Alameda Nossa Sra. do Sagrado Coração, 1400",Imobiliária,(41) 3265-4418,http://www.habitualimoveis.com/,HABITUAL SUL IMOBILIÁRIA E INCORPORADORA
"Ao lado da Caixa Econ - Rua Alberico Flores Bueno, 514",Imobiliária,(41) 3077-4050,http://imobiliariafollador.com.br/,Imobiliária Follador
"Av. Manoel Ribas, 5774",Imobiliária,(41) 3515-1589,/aclk?sa=l&ai=DChcSEwjj-u_n--3pAhUPC5EKHYmxCF4YABAAGgJjZQ&sig=AOD64_1PkgnDsYoreXB2Mj3IBD0D2bJsLQ&adurl&q&ctype=99,Gonzaga Aluguel
"Av. Água Verde, n°198",Imobiliária,(41) 3026-1802,http://www.patrialimoveis.com.br/,Patrial Imóveis
"Alameda Augusto Stellfeld, 1050",Imobiliária,(41) 99930-5792,http://www.aguaverdeimoveis.com.br/,Imóveis Água Verde
São José dos Pinhais,Imobiliária,(41) 3146-3834,/aclk?sa=l&ai=DChcSEwi7vrHq--3pAhUNEZEKHYu9APQYABABGgJjZQ&sig=AOD64_07UmraAWoSfM3ReawGRvJ7Kbeqiw&adurl&q&ctype=99,New Imóveis - SJP
"Av. Santa Bernadete, 201",Imobiliária,(41) 99800-1946,https://imoveisdeluxocuritiba.com.br/imovel/apartamento-na-avenida-santa-bernadethe-portao/,Imóveis de Luxo Curitiba
"Av. Manoel Ribas, 279",Imobiliária,(41) 3149-9090,http://www.sergioluiz.imb.br/,Imobiliária Sergio Luiz
"Av. Mal. Floriano Peixoto, 7903",Imobiliária,(41) 98841-2400,http://bosso.com.br/,Apartamento Agua Verde Bosso Imoveis - Venda Sobrado Portão Sobrados Capão Raso
"Av. Manoel Ribas, 279",Imobiliária,(41) 3149-9090,/aclk?sa=l&ai=DChcSEwiiw7rb--3pAhXFCpEKHWG5BrgYABABGgJjZQ&sig=AOD64_1r1sPqsUK26objalMhU09OOcZNVw&adurl&q&ctype=99,Imobiliária Sergio Luiz
"Av. Rep. Argentina, 5535",Imobiliária,(41) 3078-5757,http://www.jaimovel.com.br/,JA Imóveis
"Av. Sen. Salgado Filho, 2071",Imobiliária,(41) 99679-7430,http://shimodaimoveis.com.br/,Shimoda
Curitiba,Imobiliária,(41) 99660-6996,http://www.okaimoveis.com.br/,Oka Imóveis
"Tv. Itália, 84",Imobiliária,(41) 99105-0880,http://imoveiscb.com.br/anuncie,CB Negócios Imobiliários
"R. Gov. Agamenon Magalhães, 145",Imobiliária,(41) 99679-0898,,Invista Consultoria Imobiliária
"R. Monsenhor Celso, 231",Imobiliária,(41) 3072-5500,http://www.galvao.com.br/,Imobiliária Galvão
"Av. Visc. de Guarapuava, 3384",Imobiliária,(41) 3121-1015,http://www.selectcuritiba.com.br/,Select Home Empreendimentos Imobiliários
Curitiba,Imobiliária,(41) 3155-0123,http://www.imobiliariafideliza.com.br/,Imobiliária Fideliza
"Rua Frederico Stadler Júnior, 643",Imobiliária,(41) 3366-1461,http://www.imobiliariabahamas.com.br/,Imobiliária Bahamas
"Alameda Dr. Carlos de Carvalho, 555 - cj. 55",Imobiliária,(41) 4042-1491,http://www.rossiresidencial.com.br/,Rossi Residencial
"R. Dr. Roberto Barrozo, 1834",Imobiliária,(41) 3252-4446,http://www.remaxbusiness.com.br/,REMAX Business
"R. Francisco Derosso, 4891",Imobiliária,(41) 3378-5050,,Comparar Imóveis | ES Corretor - Venda e Aluguel de Imóveis em Curitiba
"R. Dr. Faivre, 1023",Imobiliária,(41) 3082-8026,,DLCORRETORAS
"R. Ébano Pereira, 266",Imobiliária,(41) 3072-1818,http://www.cibraco.com.br/,Cibraco Imóveis - Rede Imóveis
"Alameda Dr. Carlos de Carvalho, 1341",Imobiliária,(41) 3068-2100,http://arya1.com.br/,ARYA 1 Imóveis
"R. Eurípedes Garcez do Nascimento, 1233",Imobiliária,(41) 99982-0940,https://www.londonimobiliaria.com.br/,London Imobiliária
"R. Ébano Pereira, 11",Imobiliária,(41) 3233-7911,http://www.aliancaimb.com.br/,Aliança Imobiliária
"R. Imac. Conceição, 579",Imobiliária,(41) 3077-8505,http://www.rpkassessoria.com.br/,RPK Assessoria de Negócios Imobiliários
"R. Treze de Maio, 95",Imobiliária,(41) 99111-4488,http://adiassessoria.com.br/,ADI ASSESSORIA IMOBILIÁRIA
"Alameda Princesa Izabel, 852",Corretora de aluguel de imóveis,(41) 3204-3333,http://losso.imb.br/,Imobiliária Losso
"Rua Presidente Carlos Cavalcanti, 203",Imobiliária,(41) 99803-1333,https://www.aptocuritiba.com/,APTO CURITIBA IMOVEIS
"R. Padre Anchieta, 2050",Imobiliária,(41) 98814-4194,http://www.massaimoveis.com.br/sobre,Massa Imoveis
"Av. Rep. Argentina, 2403 - Sala 41",Imobiliária,(41) 3532-7167,https://a8imoveis.negocio.site/,A8 IMÓVEIS CORRETORES ASSOCIADOS
"Av. Presidente Affonso Camargo, 2467 - Loja 02",Imobiliária,(41) 3030-3027,http://vivareimoveis.com/,Vivare Imóveis
"Rua Luiz Parigot de Souza, 343",Imobiliária,(41) 99616-2749,http://www.milanimoveis.com.br/,Milan Imóveis
"R. Brg. Franco, 3308",Imobiliária,(41) 3333-5466,http://www.imobiliariamed.com.br/,Imobiliária M&D
"Rua XV de Novembro, 960",Imobiliária,(41) 3250-2000,http://www.imobiliaria2000.com.br/,Imobiliária 2000 S/A
"Av. Rep. Argentina, 1228",Imobiliária,(41) 99115-5554,https://imoveisfolador.com.br/contato/,Imoveis Folador
"Rua XV de Novembro, 972",Imobiliária,(41) 3075-1900,http://www.apolar.com.br/,Ria Serviços Imobiliários Ltda
"Travessa Santa Inês, 60",Imobiliária,(41) 99904-2074,http://sinhori.com.br/contato.php,Sinhori Corretor de Imóveis
"Av. São José, 587 - Conjunto 01",Imobiliária,(41) 3082-4100,https://www.imobiliariasevenbrokers.com.br/,Seven Brokers
"R. Prof. Brandão, 281",Imobiliária,(41) 3342-7070,https://www.imobiliariamota.com.br/,Imobiliária Alto da XV
"R. Itupava, 1411",Imobiliária,(41) 3262-2261,http://www.casaraoimoveiscuritiba.com.br/,Casarão Imóveis
"R. Alm. Tamandaré, 1144",Imobiliária,(41) 3362-5151,http://www.claroimobiliaria.com.br/,Claro Imobiliária
"R. Prof. João Soares Barcelos, 503",Imobiliária,(41) 3071-0808,http://www.vendemaisimoveis.com.br/,Vende Mais Imóveis
,Imobiliária,(41) 99881-2435,http://www.curitiba.pr.gov.br/,Negócio Curitiba
"R. José Braz Gomes, 33",Imobiliária,(41) 3014-4558,http://www.panakol.com.br/,Imobiliária Panakol
"Av. Manoel Ribas, 279",Imobiliária,(41) 3149-9090,/aclk?sa=l&ai=DChcSEwjRzsLg--3pAhWShJEKHSXwCuQYABAAGgJjZQ&sig=AOD64_3F8Ae18KfnCpeQLd3P5QC-WCjxEw&adurl&q&ctype=99,Imobiliária Sergio Luiz
"R. Francisco Frischmann, 2266",Imobiliária,(41) 3329-0090,http://www.imobiliariabonfim.com.br/,Imobiliária Bonfim
"R. Euclides da Cunha, 561",Imobiliária,(41) 3019-0444,http://www.imobiliariaprates.com.br/,Imobiliária Prates Ltda. | Matriz - Batel
"R. Saturnino Miranda, 855",Imobiliária,(41) 3364-1139,http://www.imoveisstoantonio.com.br/,Imobiliária Santo Antônio
"Av. Cel. Francisco H. dos Santos, 950",Imobiliária,(41) 3201-2424,http://www.imobiliariajamaica.com.br/,Jamaica Imóveis
"R. N. Sra. de Nazaré, 1539",Imobiliária,(41) 3014-9319,http://www.jgodoiimoveis.com.br/,J. Godoi Imóveis Ltda.
"R. Francisco Derosso, 1615 - bloco 2 sala 3",Imobiliária,(41) 99896-7273,http://www.fireempreendimentos.com.br/,Fire Imóveis imobiliária
"Av. Cândido de Abreu, 535",Imobiliária,(41) 3254-7479,http://www.oabpr.org.br/,OAB-Ordem dos Advogados do Brasil-Seção do Paraná
"R. Jovino do Rosário, 607",Imobiliária,(41) 3077-2948,http://www.altopadraoimobiliaria.com.br/,Alto Padrão Assessoria Imobiliária
Curitiba,Imobiliária,(41) 3322-4148,http://imoveiscercal.com.br/,CERCAL IMÓVEIS
"Alameda Cabral, Sobreloja) 510",Imobiliária,(41) 3323-2000,http://www.imobiliariamercasa.com.br/,Imobiliária Mercasa
"R. Francisco Derosso, 1693",Imobiliária,(41) 3275-6493,http://www.imobxaxim.com.br/,Imobiliária Xaxim
"Av. Brasília, 5030",Imobiliária,(41) 3344-5577,http://www.cortezeimoveis.com.br/,Corteze Imóveis
"Rua Visconde de Nácar, 1140",Imobiliária,(41) 3883-2100,http://www.cilar.com.br/,Imobiliária Cilar
"Av. Manoel Ribas, 5774",Imobiliária,(41) 3515-1589,/aclk?sa=l&ai=DChcSEwiY6t7h--3pAhXHBJEKHb4LCdkYABABGgJjZQ&sig=AOD64_25CF9JlZb6AtUEQOSUHJu6lMGpPA&adurl&q&ctype=99,Gonzaga Aluguel
"Av. Desembargador Hugo Simas, 752",Imobiliária,(41) 3336-0008,http://www.cilar.com.br/,Imobiliária Cilar - Vendas
"R. Paulo Gorski, 844 - 03",Imobiliária,(41) 3373-8888,http://invictta.com.br/,Invictta Consultoria Imobiliária
"R. Cel. Dulcídio, 2255",Imobiliária,(41) 3029-5000,http://www.imobiliariaideal.com/,Imobiliária Ideal
Fazenda Rio Grande,Imobiliária,(41) 3608-1010,http://www.cortezeimoveis.com.br/,Corteze Imóveis
"Alameda Dr. Carlos de Carvalho, 1941",Imobiliária,(41) 3323-3333,http://www.villageprime.com.br/,VILLAGE IMOBILIÁRIA PRIME
"R. Via Veneto, 1741",Imobiliária,(41) 3372-1000,http://www.pontomil.com.br/,Ponto Mil Imóveis
,Imobiliária,(41) 98850-2990,https://www.vendaimovel.com/,Imobiliária MD imóveis Curitiba Guaratuba
"Esquina com a - Rua Professor Ulisses Vieira, 645, R. Tamoios, 771",Imobiliária,(41) 99121-9982,http://www.imobiliariacwb.com.br/,Imoveis EM Curitiba
"R. Eduardo Sprada, 3936",Imobiliária,(41) 3015-2727,http://www.baggioimoveis.com.br/,Baggio Imóveis
"Alameda Princesa Izabel, 856",Imobiliária,(41) 99996-1121,http://www.axis21.com.br/,Axis 21 Imóveis
"R. Dr. Bley Zornig, 2120 - Loja 4",Imobiliária,(41) 3156-1111,http://www.imoveisribeiropires.com.br/,Imobiliária Ribeiro Pires
"R. Arion Niepce da Silva, 250",Corretora de aluguel de imóveis,(41) 3014-8008,http://www.toyoimoveis.com.br/,TOYO IMÓVEIS LTDA.
"Av. N. Sra. Aparecida, 48",Imobiliária,(41) 3322-0203,http://www.imobiliariatha.com.br/,Imobiliária Tha
"Av. Visc. de Guarapuava, 2764 - Sala 1201",Imobiliária,(41) 3387-0978,https://www.sbinvestimentos.com.br/,SB Investimentos Imobiliários
"R. Des. Westphalen, 15 - conj 303",Imobiliária,(41) 3322-5030,https://www.sochacaras.com.br/,Só Chácaras e Empreendimentos Imobiliários
"R. Padre Agostinho, 102",Imobiliária,(41) 3010-5040,http://www.imoveisagalli.com.br/,Imóveis Agalli
São José dos Pinhais,Imobiliária,(41) 3383-1111,http://www.cortezeimoveis.com.br/,Corteze Imóveis
"Av. Ver. Toaldo Túlio, 4323",Imobiliária,(41) 3372-6643,http://www.opolz.com.br/,Opolz Corretor de Imóveis
"Av. Sete de Setembro, 4698",Imobiliária,(41) 99806-2070,http://www.curitiba.pr.gov.br/,curitiba
"Av. Manoel Ribas, 1489",Imobiliária,(41) 3044-9800,http://www.otimoveis.com.br/,Imobiliária Otimóveis
Curitiba,Imobiliária,(41) 3328-1000,http://www.avendaimoveis.com.br/,Avenda Imoveis
"Rua Cândido Xavier, 1081",Imobiliária,(41) 99810-6058,http://www.imoveisaquilar.com.br/contato,Imoveis Aquilar
"R. João Batista Trentin, 937",Imobiliária,(41) 3026-4387,http://www.svwimoveis.com.br/,SVW IMÓVEIS
"R. Gonçalves Dias, 95",Imobiliária,(41) 3343-1000,https://www.cesariopereiraimoveis.com.br/imoveis/contato,Cesario Imobiliaria
"R. Cândido Lopes, 205",Imobiliária,(41) 3155-1953,http://www.aptosnegociosimobiliarios.com.br/contato,APTOS Negócios Imobiliários
"Av. Winston Churchill, 1630 - 3º andar",Imobiliária,(41) 3346-5599,http://www.favrettoimoveis.com.br/,Favretto Imóveis
"R. Bpo. Dom José, 2423",Imobiliária,(41) 3342-2220,http://atriaimobiliaria.com.br/,Atria Imóveis
"Av. Manoel Ribas, 1879 - Sala 01",Imobiliária,(41) 3015-3023,https://www.viewimoveis.com.br/,View Imóveis
"R. Alberto Klemtz, 728",Imobiliária,(41) 3026-4443,http://www.schaeferimoveis.com/,SCHAEFER IMÓVEIS
"R. Cel. Amazonas Marcondes, 1472",Imobiliária,(41) 3352-7574,http://www.jlaimoveis.com.br/,JLA Corretora de Imóveis
"Av. Com. Franco, 3360",Imobiliária,(41) 3344-4040,http://www.cortezeimoveis.com.br/,Corteze Imóveis
"R. Eduardo Geronasso, 594",Imobiliária,(41) 3079-9999,http://www.deandradeimoveis.com.br/,C. de Andrade Imobiliária
"Alameda Augusto Stellfeld, 485",Imobiliária,(41) 3224-6464,http://www.paulocellesimoveis.com.br/,Paulo Celles Imóveis
"Av. Manoel Ribas, 279",Imobiliária,(41) 3149-9090,/aclk?sa=l&ai=DChcSEwi5qeTX--3pAhWWhJEKHWWDDWQYABABGgJjZQ&sig=AOD64_3YuPKd-Y88vZxYyrtRRpAD3D8dDg&adurl&q&ctype=99,Imobiliária Sergio Luiz
"Av. Paraná, 2288 - 402",Imobiliária,(41) 99758-8109,http://jhsouzaimoveis.com.br/,JHSOUZA IMOVEIS
"R. Prof. Nivaldo Braga, 193 - 07",Imobiliária,(41) 99684-2751,http://paesimoveiscuritiba.com.br/,Paes Assessoria Imobiliária
"Av. Winston Churchill, 2016",Imobiliária,(41) 3212-4600,http://www.awimoveis.com.br/,AW Imóveis
R. Nunes Machado 68 Loja 5 The Five Mall,Imobiliária,(41) 3046-2210,http://symimoveis.com.br/,Sym Imóveis
"R. Pref. Ângelo Ferrário Lopes, 2552",Imobiliária,(41) 98402-4004,http://www.primacasa.com.br/fale-conosco,Prima Casa Imóveis
"Av. Manoel Ribas, 1775",Imobiliária,(41) 99987-1409,http://www.imoveisbizineli.com.br/,Bizineli Empreendimentos Imobiliários
"R. Alm. Tamandaré, 1645",Imobiliária,(41) 98831-2578,https://www.redebee.com.br/fale-conosco,Associação Rede Bee Imobiliária
"Rua Ari José Valle, 1237",Imobiliária,(41) 3090-2200,http://www.village.imb.br/,Cond.FONTANA MAGGIORE - Comercializado VILLAGE IMOBILIÁRIA
"R. Padre Francisco João Azevedo, 168",Imobiliária,(41) 4106-3284,http://p3imobiliaria.com.br/,P3 Imobiliária
"Av. Sete de Setembro, 6679",Imobiliária,(41) 3039-3314,http://www.bideseimoveis.com/,Imobiliária Bidese
"Alameda Prudente de Moraes, 189",Imobiliária,(41) 99123-1682,http://jrimoveiscuritiba.com.br/localizacao,JR Imóveis - Curitiba
"R. Via Veneto, 1680",Imobiliária,(41) 3042-4343,http://www.interageimoveis.com.br/,Interage Imóveis
"Av. Manoel Ribas, 6483 - LOJA 1",Imobiliária,(41) 3372-2277,http://casolareimoveis.com.br/,Casolare Imoveis
"Sobreloja - Rua Joaquim Simões, 47, Sala 4",Imobiliária,(41) 3347-2279,http://www.nacionalimobiliaria.com.br/,Nacional Imóveis
"Alameda Dr. Carlos de Carvalho, 1941",Imobiliária,(41) 3323-3333,http://www.villageprime.com.br/,Village Desenvolvimento Imobiliário
"R. Carlos Klemtz, 224 - 1",Imobiliária,(41) 3527-3006,https://www.apolar.com.br/,Apolar Imóveis Fazendinha
"R. Conselheiro Laurindo, 825",Imobiliária,(41) 3324-2869,http://borcath.com.br/,Imobiliária Borcath
"R. Conselheiro Laurindo, 809",Imobiliária,(41) 99919-0028,,ADARGE IMOVEIS LTDA
"Av. Presidente Arthur da Silva Bernardes, 2020",Imobiliária,(41) 3345-9000,http://www.mgasparin.com.br/index2.php?id_fin=2&lista=Loca%E7%E3o,Imobiliária M Gasparin
"R. Saldanha Marinho, 847 - 1",Imobiliária,(41) 3322-1544,http://www.jorelis.com.br/,J Orelis Assessoria Imobiliária
"Av. Manoel Ribas, 279",Imobiliária,(41) 3149-9090,/aclk?sa=l&ai=DChcSEwjp25fk--3pAhWGDpEKHQM7DngYABAAGgJjZQ&sig=AOD64_1ZpLPaAyZ7s6VLBT-hH3HW0eYeJw&adurl&q&ctype=99,Imobiliária Sergio Luiz
"Av. Manoel Ribas, 279",Imobiliária,(41) 3149-9090,/aclk?sa=l&ai=DChcSEwjH0aHa--3pAhWUhpEKHa_8APIYABABGgJjZQ&sig=AOD64_1oL9boYm96cwbgPKwU04_MEWsPjw&adurl&q&ctype=99,Imobiliária Sergio Luiz
"R. Canadá, 1390",Imobiliária,(41) 3357-8770,http://www.rochedoimoveis.com.br/,Rochedo Imóveis
"R. Cap. Souza Franco, 848 - conj. 71",Imobiliária,(41) 3029-6524,http://imobiliariahayashi.com.br/,Imobiliária Hayashi
Curitiba,Imobiliária,(41) 3070-3030,http://www.okaimoveis.com.br/,Oka Imóveis
"R. Dep. Heitor Alencar Furtado, 3350 - sala 1409",Imobiliária,(41) 3373-8888,http://www.invictta.com.br/,Invictta Consultoria Imobiliária
"R. Eduardo Sprada, 3167",Imobiliária,(41) 3339-2919,http://premiereimoveis.com.br/,Premiere Imóveis
"R. Mateus Leme, 1970",Imobiliária,(41) 3090-2200,http://www.padroneimoveis.com.br/,Padrone Imóveis
"R. Mateus Leme, 5372",Imobiliária de aluguel de condomínios,(41) 3078-6095,http://www.imobiliariajuveve.com.br/,Juveve
"Rua Francisco Lachowski, 333",Imobiliária,(41) 3077-8116,http://www.invebras.com.br/,Invebras Imóveis e Administradora de Imóveis
"R. Alferes Poli, 931",Imobiliária,(41) 3321-3600,http://www.regionalimoveis.com.br/,Regional Imóveis
"R. Francisco Rocha, 605",Imobiliária,(41) 3026-1626,http://www.imoveisexclusivos.com.br/,Imóveis Exclusivos
Curitiba,Imobiliária,(41) 3089-7338,https://www.diegolopesimobiliaria.com.br/,DIEGO LOPES IMOBILIÁRIA
"R. Samuel Cezar, 1245",Imobiliária,(41) 3333-2233,http://www.imobiliariaandrade.com/,Imobiliária Andrade
"R. Conselheiro Laurindo, 478",Imobiliária,(41) 3542-1322,http://www.apolar.com.br/,Apolar Imóveis Locação
"Av. Silva Jardim, 3928",Imobiliária,(41) 3077-8727,http://adiferencial.com/,Diferencial Imóveis
"R. Ourizona, 2435",Imobiliária,(41) 3015-7770,http://www.imobiliariarc.com.br/financiamento-e-bancos,RC Imobiliária
"R. São José dos Pinhais, 306",Imobiliária,(41) 3349-1222,http://www.imoveisma.com/,M.A Imóveis
"Rua Tenente Francisco Ferreira de Souza, 3870",Imobiliária,(41) 2105-0405,http://www.marechalimoveis.com.br/,Marechal Imóveis
"Rua Engenheiros Rebouças, 2387",Imobiliária,(41) 3332-5849,http://www.imobiliariaguth.com.br/,Imobiliaria Guth Ltda
Curitiba,Imobiliária,(41) 3037-4444,http://www.wilferimoveis.com.br/,WILFER IMÓVEIS
"Av. Pres. Getúlio Vargas, 2200",Imobiliária,(41) 3044-0636,http://www.imobiliariaconcretiza.com.br/,Imobiliária Concretiza
"Av. Manoel Ribas, 5406",Imobiliária,(41) 3014-1133,http://www.casteval.com.br/,Imobiliária Casteval
"Av. São José, 618 - Cj604",Imobiliária,(41) 99678-6441,http://www.41imoveis.com.br/,41 Imóveis - Imobiliária em Curitiba
"Av. Ver. Toaldo Túlio, 4331",Imobiliária,(41) 3273-6323,http://www.novaorleansimoveis.com.br/,Nova Orleans Empreendimentos Imobiliários
"Rua Anne Frank, 2132",Imobiliária,(41) 3122-0404,/aclk?sa=l&ai=DChcSEwjo77bS--3pAhXJB5EKHewjCtcYABABGgJjZQ&sig=AOD64_2MeTeko7DNHtqZzb-tqCV1FIaAVQ&adurl&q&ctype=99,Innova Imobiliária
"R. Prof. Pedro Viriato Parigot de Souza, 3901",Imobiliária,(41) 99511-4221,http://www.mrv.com.br/,MRV
,Imobiliária,(41) 98816-1166,http://www.siutaimoveis.com.br/,Siuta Imóveis
"Av. Sete de Setembro, 6111",Imobiliária,(41) 3077-7889,http://www.lr7imoveis.com.br/,L7 Imoveis - O imóvel que você procura está aqui!
"R. Nunes Machado, 1129",Imobiliária,(41) 3213-5758,http://www.imobiliarianoruega.com/,Imobiliária Noruega
São José dos Pinhais,Imobiliária,(41) 3146-2020,http://www.kabane.com.br/,Kabane Imóveis
"R. Pastor Antônio Pólito, 1237 - loja 06",Imobiliária,(41) 3030-2589,http://www.zr1imoveis.com.br/sobre,ZR1 imóveis
"R. Olavo Bilac, 680",Imobiliária,(41) 3016-1514,http://www.confronto.com.br/,Confronto Imóveis - Curitiba
"R. Francisco Derosso, 3241 - Loja 01",Imobiliária,(41) 3079-3039,http://www.alpesbrasil.com.br/,Imobiliária Alpes
"R. Cap. Souza Franco, 833",Imobiliária,(41) 99508-7030,https://www.next.curitiba.br/fale-conosco,Next imóveis
"Av. Manoel Ribas, 5774",Imobiliária,(41) 3515-1589,/aclk?sa=l&ai=DChcSEwihgfvi--3pAhVMBJEKHdnZDL4YABAAGgJjZQ&sig=AOD64_3XZjkQwMtGQpPLYp3f7xbXXMQSjg&adurl&q&ctype=99,Gonzaga Aluguel
"Av. Manoel Ribas, 5774",Imobiliária,(41) 3515-1589,/aclk?sa=l&ai=DChcSEwi9h4LZ--3pAhWThJEKHfQQAdgYABABGgJjZQ&sig=AOD64_039HRkhqW9BatoGJ0s-Qyv649e9Q&adurl&q&ctype=99,Gonzaga Aluguel
,Imobiliária,(41) 98850-2990,https://www.vendaimovel.com/,Imobiliária MD imóveis Curitiba Guaratuba
"Av. Sete de Setembro, 3695",Imobiliária,(41) 3515-1551,http://www.gonzagaimoveis.com.br/,Gonzaga Imoveis
"R. Cap. Leônidas Marques, 169",Imobiliária,(41) 3078-0304,http://www.multiplosimoveis.com.br/,Múltiplos imóveis em Curitiba PR
"Rua Bernardo Jacintho da Veiga, 96",Imobiliária,(41) 3328-0108,http://imobiliariafm.com.br/,Imobiliaria F&M
"R. Paulo Setúbal, 3097",Imobiliária,(41) 3085-2244,http://www.vitoriaimoveiscuritiba.com.br/,VITÓRIA IMÓVEIS CURITIBA
"R. Padre Anchieta, 2050",Imobiliária,(41) 99633-4469,http://www.munchenimoveis.com.br/,München – Consultoria Imobiliária
"R. Euzébio da Motta, 515",Imobiliária,(41) 99636-2300,http://www.idux.com.br/,iDUX Imobiliária
"Av. Iguaçu, 1748",Imobiliária,(41) 98831-2578,http://www.redebee.com.br/,Redebee Imobiliária
"R. Augusto Stresser, 747",Imobiliária,(41) 3023-9292,http://www.casagrandeimoveis.com.br/,Casagrande Imóveis
"Av. N. Sra. Aparecida, 305",Imobiliária,(41) 3026-7466,http://www.bazzaimoveis.com.br/,Bazza Imóveis
"Rua, Av. Desembargador Hugo Simas, 752",Imobiliária,(41) 3336-0008,http://www.cilar.com.br/,Cilar Comissária de Imóveis
"Av. Manoel Ribas, 279",Imobiliária,(41) 3149-9090,/aclk?sa=l&ai=DChcSEwjY9q3f--3pAhXCg5EKHZkbCK0YABABGgJjZQ&sig=AOD64_2DxZHNArYw0DH2ykxBe9EZbj_rvg&adurl&q&ctype=99,Imobiliária Sergio Luiz
"Tv. Ferreira do Amaral, 20 - Sala 08",Imobiliária,(41) 3343-7654,http://www.visaoimoveiscuritiba.com.br/,Visão Imóveis
Curitiba,Imobiliária de aluguel de residências,(41) 3078-3268,http://www.meuimovelemcuritiba.com.br/,Rodrigues Corretora de Imóveis
"Av. Manoel Ribas, 5774",Imobiliária,(41) 3515-1589,/aclk?sa=l&ai=DChcSEwi5qeTX--3pAhWWhJEKHWWDDWQYABAAGgJjZQ&sig=AOD64_3pd81fB8v9Cv4BC2zjgJ01GuMl9g&adurl&q&ctype=99,Gonzaga Aluguel
"Rua Affife Mansur, 822",Imobiliária,(41) 3327-8869,http://silviaassessoria.com.br/,Silvia Assessoria Imobiliária
,Imobiliária,(41) 99893-9165,http://www.iinvex.com.br/,Invex Assessoria Imobiliária
"R. Prof. João Falarz, 1173 - Lj 7",Imobiliária,(41) 3320-5880,http://www.apolar.com.br/,Apolar Imóveis Campo Comprido
"Condomínio Comercial Office Life - R. Prof. Pedro Viriato Parigot de Souza, 3901 - Sala 58",Imobiliária,(41) 3408-1885,http://www.ecoprimelife.com.br/,Eco Prime Life Empreendimentos Imobiliários
"Av. Manoel Ribas, 279",Imobiliária,(41) 3149-9090,/aclk?sa=l&ai=DChcSEwjJqMDl--3pAhWQgpEKHYNFC3cYABAAGgJjZQ&sig=AOD64_3FIIlP0c3PK6O6lo0T4nMiG55aIw&adurl&q&ctype=99,Imobiliária Sergio Luiz
"R. Conselheiro Araújo, 402",Imobiliária,(41) 3264-3535,,Lar Imobiliária Ltda.
"R. Nicarágua, 491",Imobiliária,(41) 3283-6000,http://www.roccoimoveis.com.br/,Rocco Imóveis Curitiba
"Av. N. Sra. Aparecida, 48",Imobiliária,(41) 3111-0777,,Lopes Paraná
"R. Chile, 1745",Imobiliária,(41) 3332-2020,http://www.freitasgodoi.com.br/,Imobiliária Freitas Godoi
"Av. Manoel Ribas, 5774",Imobiliária,(41) 3515-1589,/aclk?sa=l&ai=DChcSEwjA3ofp--3pAhWLiJEKHRK9BDIYABAAGgJjZQ&sig=AOD64_0Eqswqu6Sh1dUmdKWpR-IqSIWH6Q&adurl&q&ctype=99,Gonzaga Aluguel
"R. André Ferreira Barbosa, 8562",Imobiliária,(41) 3045-3050,http://www.paranacasas.com.br/,Paraná Casas - comércio de imóveis
"Av. Manoel Ribas, 279",Imobiliária,(41) 3149-9090,/aclk?sa=l&ai=DChcSEwjA3ofp--3pAhWLiJEKHRK9BDIYABABGgJjZQ&sig=AOD64_2f2-PQpqQo9x03Aocq-kR9ljl-XQ&adurl&q&ctype=99,Imobiliária Sergio Luiz
"Rua Tenente Francisco Ferreira de Souza, 3543",Imobiliária,(41) 3376-4115,http://www.hansel.com.br/,Hansel Imóveis
"R. Holanda, 1204",Imobiliária,(41) 3090-9600,http://www.imobiliarianunescuritiba.com.br/,Imobiliária Nunes
Colombo,Imobiliária,(41) 3037-1819,http://www.venetoimoveis.com.br/,Vêneto Imóveis
"Rua Lange de Morretes, 344 - 01",Imobiliária,(41) 3362-4503,http://semprebomimoveis.com.br/,J. W. Semprebom Imóveis
"Alameda Júlia da Costa, 166",Imobiliária,(41) 3013-6003,http://www.auxiliarimoveis.com.br/,Auxiliar Imóveis
"Av. Água Verde, 595",Imobiliária,(41) 3342-7425,http://www.gruposulimoveis.com.br/,Grupo Sul Imóveis
"R. Mateus Leme, 1970",Imobiliária,(41) 3090-2200,https://padroneimoveis.com.br/,Padrone Imóveis
"Tv. Itália, 99",Imobiliária,(41) 3079-0799,http://www.cantoimoveis.com.br/,Canto Imóveis
"Praça Rui Barbosa, 2",Imobiliária,(41) 99903-9999,https://www.mrv.com.br/,Loja MRV Centro
"R. Ébano Pereira, 348",Imobiliária,(41) 3079-3115,http://www.redebee.com.br/,Bee Rede Imobiliária
Av. Vereador Toaldo Túlio 4331 Santa Felicidade Curitiba PR sobreloja,Imobiliária,(41) 3273-6323,https://www.novaorleansimoveis.com.br/,Imobiliária Nova Orleans
"R. Lamenha Lins, 1995",Imobiliária,(41) 3023-6767,http://www.estruturar.com.br/,Estruturar Empreendimentos Imobiliários
"Av. Manoel Ribas, 279",Imobiliária,(41) 3149-9090,/aclk?sa=l&ai=DChcSEwi9h4LZ--3pAhWThJEKHfQQAdgYABAAGgJjZQ&sig=AOD64_0T8VXtCPXXveckK8He1RcCat9VSQ&adurl&q&ctype=99,Imobiliária Sergio Luiz
"R. Simão Bolívar, 75",Imobiliária,(41) 3053-0202,http://www.matrix.imb.br/,Matrix imobiliária
"Rua Presidente Pádua Fleury, 905 - loja 3A",Imobiliária,(41) 3598-5322,https://www.sonholarimoveis.com.br/,SonhoLar Imóveis
"Alameda Dr. Carlos de Carvalho, 417 - 9º andar",Imobiliária,(41) 3223-7200,http://www.primesoho.com.br/,Prime Soho Imóveis
"Galeria Aberta, Loja 5, R. João Negrão, 731",Imobiliária,(41) 3233-6025,,Imobiliária
"Condomínio Triumph Center Batel, R. Francisco Rocha, 62 - Sala 405",Imobiliária de aluguel de residências,(41) 3243-3438,http://www.construa.com.br/,Construa Assessoria Imobiliária
"Inspira Business - Av. Rep. Argentina, 1336 - Sala 411",Imobiliária,(41) 3044-3949,https://www.squadraimobiliaria.com.br/,Squadra Imobiliária em Curitiba
"Rua Bruno Filgueira, 2434",Imobiliária,(41) 3039-5262,https://alos.net.br/contato/,Alos Empreendimentos Alos Empreendimentos
"R. Dr. Manoel Pedro, 365 - Sala 401",Imobiliária,(41) 3079-3030,http://www.casarede.com.br/,Casa Rede Imóveis
"R. Padre Anchieta, 2540 - sala 917",Imobiliária,(41) 99116-3395,http://maxcuritibaimoveis.com.br/,Max Curitiba Imóveis
"Rua 24 de Maio, 379",Imobiliária,(41) 3022-5569,,JI Assesoria Imobiliaria
"Alameda Júlia da Costa, 3380",Imobiliária,(41) 3363-3133,http://www.imobiliariafutura.com.br/,IMOBILIÁRIA FUTURA
"R. Tapajós, 663",Imobiliária,(41) 3077-7107,http://www.idealleimoveis.com.br/,Idealle Imóveis
"Av. Manoel Ribas, 279",Imobiliária,(41) 3149-9090,/aclk?sa=l&ai=DChcSEwjcitjm--3pAhWUhpEKHa_8APIYABAAGgJjZQ&sig=AOD64_2lnxXugbdExaDVXWsx_GiwgIfXeQ&adurl&q&ctype=99,Imobiliária Sergio Luiz
"R. Tibagi, 431",Imobiliária,(41) 98497-9365,https://imoveisjpe.com.br/,JPE Imóveis
"Rua Izaac Ferreira da Cruz, 4913",Imobiliária,(41) 3378-5000,,Mc Imobiliária
"Av. Mal. Floriano Peixoto, 5899",Imobiliária,(41) 3203-4540,http://impactaimob.com.br/,Impacta Imóveis
"Rua XV de Novembro, 297",Imobiliária,(41) 3013-6196,,Imóveis Bassoli
"Rua XV de Novembro, 120",Imobiliária,(42) 99103-0605,http://www.facilimoveispg.com.br/fale-conosco,Fácil Imóveis
"R. Mal. Deodoro, 2044",Imobiliária,(41) 3029-3443,http://www.imobiliariamota.com.br/,Imobiliária Mota
"R. Prof. João Doetzer, 837",Imobiliária,(41) 3365-1060,,Terra Verde Imóveis - Imobiliaria Curitiba
"Rua Dr. Euzébio de Oliveira, 142",Imobiliária,(41) 3376-0874,http://imoveismba.com.br/,MBA Imóveis
"Rua Lodovico Geronazzo, 1209",Imobiliária,(41) 3015-7876,http://homeprimeimob.com.br/,Home Prime
"Rua São Vicente Pallotti, 237",Imobiliária,(41) 3275-7056,https://www.jbaimoveis.com.br/,Jba Imóveis
"R. Elísio Gabardo, 80 - sala 5",Imobiliária,(41) 3275-2375,http://www.panassoloimoveis.com.br/,Panassolo Imóveis
"Av. Manoel Ribas, 279",Imobiliária,(41) 3149-9090,/aclk?sa=l&ai=DChcSEwiE743e--3pAhUNgJEKHeVgC0YYABAAGgJjZQ&sig=AOD64_3g_2RLAAqsJe3hf7BtIXr02ejF5w&adurl&q&ctype=99,Imobiliária Sergio Luiz
"Rua Coronel Luiz José dos Santos, 2772",Imobiliária,(41) 3083-2800,http://www.atosimoveis.com.br/,Atos Imóveis
"R. Conselheiro Dantas, 602",Imobiliária,(41) 3340-3200,http://www.habitec.com.br/,Habitec Imóveis
"Rua dr Eurico Cézar de Almeida, 146 Sb 3",Imobiliária,(41) 99589-9200,http://grandecuritibaimoveis.com.br/,GRANDE CURITIBA IMOVEIS
"EDIFICIO COMERCIAL COMENDADOR - R. Comendador Araújo, Nº.86 - 6º Andar Cjto.63",Imobiliária,(41) 3023-7576,http://www.eximoimoveis.com.br/,Eximo Expansão Imobiliária
"Av. Rep. Argentina, 1654",Imobiliária,(41) 3204-3333,http://www.aguaverdeimoveis.com.br/,Imobiliaria Água Verde
"R. Prof. Ulisses Vieira, 610",Imobiliária,(41) 3015-7770,http://apartamentocuritiba.com.br/cristian_regis,Imobiliária Curitiba
Curitiba,Imobiliária,(41) 3267-1956,https://www.eudesimoveis.com.br/,Eudes Imóveis
"R. Bpo. Dom José, 2205",Imobiliária,4004-9000,http://www.mrv.com.br/,MRV Engenharia
"Rua Anne Frank, 2132",Imobiliária,(41) 3122-0404,/aclk?sa=l&ai=DChcSEwjo77bS--3pAhXJB5EKHewjCtcYABABGgJjZQ&sig=AOD64_2MeTeko7DNHtqZzb-tqCV1FIaAVQ&adurl&q&ctype=99,Innova Imobiliária
"Sobreloja, Av. Winston Churchill, 2220 - 1º Andar",Imobiliária,(41) 3346-1200,http://www.imobiliarialombardi.com.br/,Imobiliária Lombardi Ltda
"Av. Rep. Argentina, 2326",Imobiliária,(41) 3345-9192,http://www.republicaimoveis.com.br/,Imobiliária República Imóveis Ltda
"R. Guaianazes, 571",Imobiliária,(41) 3244-3029,https://www.vaticanoimoveis.com.br/,Vaticano Imóveis
"R. Nicarágua, 679",Imobiliária,(41) 3356-4443,https://www.apolar.com.br/,Apolar Imóveis Bacacheri
"Rua Anne Frank, 2132",Imobiliária,(41) 3122-0404,http://www.innovaimobiliaria.com.br/,Innova Imobiliária
"Rua Izaac Ferreira da Cruz, 4115",Imobiliária de aluguel de residências,(41) 3378-4141,,Imobiliaria Sitio Cercado
"Av. Winston Churchill, 2370 - 1401",Imobiliária,(41) 3209-8247,http://www.goldimoveiscuritiba.com.br/,Gold Imóveis Curitiba
"Av. Winston Churchill, 149",Imobiliária,(41) 3022-7787,http://www.rhincaimoveis.com.br/,R. Hinça Imóveis
"Rua Desembargador Antonio de Paula, 2003",Imobiliária,(41) 3344-1058,http://ananiasimoveis.com.br/,Ananias Imóveis
"R. Mal. Deodoro, 148",Imobiliária,(41) 3223-1144,,Volpi Comercial e Imobiliaria
"R. Paraná, 092",Imobiliária,4004-9000,http://www.mrv.com.br/,MRV Engenharia
"R. Jacarezinho, 1263 - Loja 2",Imobiliária,(41) 3077-6238,http://www.jornalimoveiscuritiba.com.br/,Jornal Imóveis Curitiba - Classificados
"R. Conselheiro Laurindo, 441",Imobiliária,(41) 3320-5858,https://www.apolar.com.br/,Apolar Imóveis Centro
"R. Henrique Martins Tôrres, 1445",Imobiliária,(41) 3010-0317,http://www.aimob.com.br/,Aimob Consultoria & Empreendimentos Imobiliários
"R. Padre Anchieta, 2348",Imobiliária,(41) 3336-0050,http://www.mapimobiliaria.com.br/,Map Imobiliária
"Rua Marechal José Bernardino Bormann, 820",Imobiliária,(41) 3077-8899,http://www.rebrokers.com.br/,Rebrokers Imóveis
Curitiba,Imobiliária,(41) 3043-0567,http://lautas.com/,Lautas Imóveis - venda e aluguel
"R. Barão do Rio Branco, 63 - Conjunto 1310",Imobiliária,(41) 2170-7045,http://www.admdombosco.com.br/,Administradora e Imobiliária Dom Bosco
"R. Emanuel Kant, 60",Imobiliária,(41) 99771-2335,https://www.foxcuritiba.com.br/,Imobiliária Fox Home
"R. Prof. Ulisses Vieira, 894",Imobiliária,(41) 3077-7707,http://www.baggioimoveis.com.br/,Baggio Imóveis Vila Izabel
"Av. Sete de Setembro, 4698 - SALAS 701 / 702",Imobiliária,(41) 99203-0057,http://www.yesmyhome.com.br/,YESMYHOME NEGOCIAÇÕES IMOBILIÁRIAS
"Av. Manoel Ribas, 750",Imobiliária,(41) 3014-3031,https://www.apolar.com.br/,Apolar Imóveis Mercês
"Rua Jorge Brey, 242",Imobiliária,(41) 3117-7747,http://www.icasanew.com.br/,iCasa New Imobiliária
"R. Dr. Faivre, 768",Imobiliária,(41) 3016-1188,http://www.absolutaimoveis.com.br/,Imobiliária Absoluta Ltda
"R. Napoleão Laureano, 701",Imobiliária,(41) 3154-6799,http://www.lopes.com.br/,NLOPES IMÓVEIS
"Av. Rep. Argentina, 5550",Imobiliária,(41) 3372-1000,http://www.precisaoimoveis.com.br/,Imobiliária Precisão
São José dos Pinhais,Imobiliária,(41) 3081-2300,http://www.sorelleimoveis.com.br/,Sorelle Imóveis
"R. Mal. Deodoro, 2354",Imobiliária,(41) 3323-9595,http://www.basi.com.br/,Basi Assessoria Imobiliária
"R. Alferes Poli, 1008",Imobiliária,(41) 3016-2829,http://www.sallvi.com.br/,Imobiliária Sallvi
"R. José Pereira de Araújo, nº 175",Imobiliária,(41) 98407-7371,http://www.edificioversailles.com.br/,ED. VERSAILLES
"Rua Emiliano Perneta, 725 - Cj 303",Imobiliária,(41) 3322-4414,http://www.mediatoimoveis.com.br/,Mediato Imóveis
"R. Sanito Rocha, 79",Imobiliária,(41) 98405-9473,http://www.imobiliariatimecuritiba.com.br/,Imobiliária Time - Seu Imóvel na Hora Certa!
"R. Francisco Rocha, 1105",Imobiliária,(41) 3323-3333,http://www.villageprime.com.br/,Village Imobiliária Prime
"Edifício Urban Office - Av. João Gualberto, 1342 - sala 911",Imobiliária,(41) 3532-0300,http://www.housecompany.com.br/,House Company Imóveis
"R. Des. Westphalen, 1000",Imobiliária,(41) 3232-8735,http://www.damascenoimoveis.com.br/,imobiliária Damasceno
"R. Brasílio Itiberê, 4041",Imobiliária,(41) 3111-0777,http://www.aguaverdeimoveis.com.br/,Imoveis Curitiba: Água Verde
"R. Jacarezinho, 716",Imobiliária,(41) 3264-3535,https://www.jbaimoveis.com.br/,Jba Imobiliaria
"Av. Ver. Toaldo Túlio, 486 - Loja 2",Imobiliária,(41) 3273-1212,http://www.kondorimoveis.com.br/,Kondor Imóveis
"R. Padre Anchieta, 2348 - 13º andar",Imobiliária,(41) 3068-5353,http://www.imoveisdeprimeira.com/,Imóveis de Primeira
"Av. N. Sra. da Luz, 35",Imobiliária,(41) 99656-6707,http://imobiliariaprix.com.br/,Imobiliária PRIX
"R. João Negrão, 731 - Lojas 4 e 5",Imobiliária,(41) 3323-3612,http://www.habits.com.br/,Imobiliária Habits
"Av. Cândido Hartmann, 1680 - LJ 03",Imobiliária,(41) 4102-3413,http://www.212imoveis.com.br/,212 Imóveis
"Rua Emiliano Perneta, 822 - sala 202",Imobiliária,(41) 3528-1571,http://www.a3maisimoveis.com.br/,Imobiliária em Curitiba - A3 MAIS IMÓVEIS
"R. Marcelino Champagnat, 602",Imobiliária,(41) 3240-2020,http://www.fmera.com.br/,Fernandez Mera
"R. Mal. Deodoro, 503",Imobiliária de aluguel de residências,(41) 3022-6925,http://www.imobiliariafenix.com.br/,Fênix Empreendimentos Imobiliários
"R. Ébano Pereira, 266",Imobiliária,(41) 3072-1818,http://www.cibraco.com.br/,Cibracco
"R. Conselheiro Laurindo, 526",Corretora de aluguel de imóveis,(41) 3028-5252,,Pesquisa Imóveis
Curitiba,Imobiliária de aluguel de residências,(41) 99677-1059,,WILFER BROKERS
"Av. Manoel Ribas, 5774",Imobiliária,(41) 3515-1589,/aclk?sa=l&ai=DChcSEwiE743e--3pAhUNgJEKHeVgC0YYABABGgJjZQ&sig=AOD64_31OH7bQGcboRKOtd451cTATWvFtg&adurl&q&ctype=99,Gonzaga Aluguel
"R. Eduardo Geronasso, 970",Corretora de aluguel de imóveis,(41) 3256-9092,http://www.imobiliarialiberdade.com.br/,Imobiliária Liberdade Ltda
"R. Mamoré, 75",Imobiliária,(41) 99812-8597,http://atmosferaimoveis.com/,Atmosfera Imóveis
"R. Ébano Pereira, 348",Imobiliária,(41) 3233-6025,http://www.imobiliariaparaiso.com.br/,Imobiliária Paraíso
"R. Prof. João Soares Barcelos, 161",Imobiliária,(41) 3205-4173,http://www.intermedity.com.br/fale-conosco,Intermedity - Venda e locação de imóveis em Curitiba - Intermedity
"R. Francisco Derosso, 2620",Imobiliária,(41) 3275-7056,http://www.cidadesul.com.br/,Cidade Sul Imóveis
"Rua Chichorro Júnior, 364",Imobiliária,(41) 3153-0303,http://www.rezendecorretoradeimoveis.com.br/,Imobiliária Rezende Cabral
"Av. Manoel Ribas, 5774",Imobiliária,(41) 3515-1589,/aclk?sa=l&ai=DChcSEwjRzsLg--3pAhWShJEKHSXwCuQYABABGgJjZQ&sig=AOD64_0lVhHyINerBC21GhhM3c80m1wYyA&adurl&q&ctype=99,Gonzaga Aluguel
"R. Nicarágua, 698",Imobiliária,(41) 3077-2948,http://www.altopadraoimobiliaria.com.br/,Alto Padrão Grupo Imobiliário
"Av. Manoel Ribas, 279",Imobiliária,(41) 3149-9090,/aclk?sa=l&ai=DChcSEwiY6t7h--3pAhXHBJEKHb4LCdkYABAAGgJjZQ&sig=AOD64_0HAyAZ0wAi48yL7pMenMdsfLU-Iw&adurl&q&ctype=99,Imobiliária Sergio Luiz
"R. Alferes Poli, 1641",Imobiliária,(41) 98412-9596,https://www.lcveiga.com.br/contato/,Lc Veiga & Gv Consultoria Imobiliária
"R. Boa Esperança, 45",Imobiliária,(41) 3085-0203,http://imoveisfragoso.com.br/,Fragoso Imóveis
"Av. Winston Churchill, 1630 - 3º Andar",Imobiliária,(41) 3527-3346,http://www.favrettoresidencial.com.br/,Favretto Residencial
Fazenda Rio Grande,Imobiliária,(41) 99815-2845,http://imobillimoveis.com.br/,IMOBILL IMÓVEIS
,Imobiliária,(41) 99535-2463,,Rosa Imóveis - Imobiliária Curitiba
"Alameda Júlia da Costa, 1054",Imobiliária,(41) 3322-8494,http://www.alcacer.com.br/,Alcácer Imóveis
"R. Bento Viana, 428",Imobiliária,(41) 99182-3244,http://www.remaxone.com.br/fale-conosco,RE/MAX One
"R. Bento Viana, 260",Imobiliária,(41) 3022-2400,http://www.firmeimoveis.com.br/,FIRME IMÓVEIS - Imobiliária Curitiba
"Rua Salvador José Correia Coelho, 341",Imobiliária,(41) 99645-9984,http://www.montrealimoveis.com.br/,Imobiliaria Montreal
"R. Prof. João Soares Barcelos, 3227",Imobiliária,(41) 3076-5876,http://www.sci8.com.br/,Schmoeller Imóveis Ltda
"R. Ângelo Massignan, 932",Imobiliária,(41) 3079-7009,http://imobiliariatriunfo.com.br/,Imobiliária Triunfo
"Av. Manoel Ribas, 6354",Imobiliária,(41) 3026-6969,http://www.piave.com.br/,Piave Imóveis
"Rua Guaçuí, 5192",Imobiliária,(41) 3152-6966,http://www.avassalarimoveis.com.br/,AvassaLar Imóveis
"Av. Manoel Ribas, 279",Imobiliária,(41) 3149-9090,/aclk?sa=l&ai=DChcSEwjo77bS--3pAhXJB5EKHewjCtcYABAAGgJjZQ&sig=AOD64_3SnvwUv0nu6Lmm0BEpXVKT2L_eig&adurl&q&ctype=99,Imobiliária Sergio Luiz
"R. Santo Antônio, 179",Imobiliária,(41) 3045-5958,http://www.diamondimoveis.com.br/,Imobiliária Diamond
"R. Tibagi, 576",Imobiliária,(41) 3324-0224,http://www.segmentoimoveis.com.br/,Segmento Imóveis Ltda - Imobiliária
"Rua Visconde de Nácar, 1140",Imobiliária,(41) 3233-0101,http://www.cilar.com.br/,Imobiliária Cilar
"Rua Teffé, 320",Imobiliária,(41) 3015-9091,http://www.hoje.com.br/,Hoje Imóveis
"Av. Brasília, 5912",Imobiliária,(41) 3212-1000,http://www.outrasul.com.br/,Outrasul Imobiliária
"Av. Cândido Hartmann, 1326",Imobiliária,(41) 3018-0887,http://www.jmarinhoimoveis.com.br/,JMarinho Imoveis
"Av. Manoel Ribas, 279",Imobiliária,(41) 3149-9090,/aclk?sa=l&ai=DChcSEwihgfvi--3pAhVMBJEKHdnZDL4YABABGgJjZQ&sig=AOD64_3b5X4gmcrYHsuu7cdYNLb8JmAV6w&adurl&q&ctype=99,Imobiliária Sergio Luiz
"Av. Manoel Ribas, 279",Imobiliária,(41) 3149-9090,/aclk?sa=l&ai=DChcSEwjo77bS--3pAhXJB5EKHewjCtcYABAAGgJjZQ&sig=AOD64_3SnvwUv0nu6Lmm0BEpXVKT2L_eig&adurl&q&ctype=99,Imobiliária Sergio Luiz
"R. Belo Horizonte, 434",Imobiliária,(41) 3342-1088,http://www.tempus.imb.br/,Tempus Assessoria Imobiliária Ltda
"R. Maranhão, 543",Imobiliária,(41) 3333-8911,http://www.eliteimoveiscuritiba.com.br/,Elite Imóveis Curitiba
"R. Inácio Lustosa, 534",Imobiliária,(41) 3079-0820,http://www.kaduimoveis.com.br/,Kadu Imobiliária
"Praça Gen. Osório, 45",Imobiliária,(41) 3224-0605,http://www.moserimoveis.com.br/,Imobiliária Moser
"Rua Padre Germano Mayer, 1811",Imobiliária,(41) 3117-1177,https://www.ctba.com.br/,Imobiliária CTBA
"Av. Cândido de Abreu, 660",Imobiliária,(41) 3016-1100,http://www.greenvilleimoveis.com.br/,"GreenVille, Imobiliária Administradora Incorporadora"
"Av. Manoel Ribas, 279",Imobiliária,(41) 3149-9090,/aclk?sa=l&ai=DChcSEwjj-u_n--3pAhUPC5EKHYmxCF4YABABGgJjZQ&sig=AOD64_1UBk6G9U3ZTBUxaULpDD4YjoWvhQ&adurl&q&ctype=99,Imobiliária Sergio Luiz
"Rua Antônio Escorsin, 1.815",Imobiliária,(41) 3372-0088,http://www.premioimoveis.com.br/,Prêmio Imóveis
"7º distrito policial - R. Prof. João Soares Barcelos, 778 - 4 e 5",Imobiliária,(41) 3276-8888,,IMOBILIARIA LIG IMOVEIS
"Av. do Batel, 1230",Imobiliária,(41) 99205-5152,https://www.concluirimoveis.com.br/imoveis-em-curitiba-imoveisemcuritiba.html,Imóveis de alto padrão em Curitiba
"Praça Zacarias, 80",Imobiliária,(41) 99932-2018,http://www.crsimoveis.com.br/,CRS Imobiliária
"R. Monsenhor Celso, 339",Imobiliária,(41) 3232-0962,,FreeX – Baixe seus filmes e séries favoritas sem complicação!
"R. Francisco Derosso, 1615 - Sala 06",Imobiliária,(41) 3503-8101,http://www.wcastelli.com.br/,WCASTELLI Imóveis
"R. Clara Polsin, 466",Imobiliária,(41) 3149-6193,http://imoveisnovomundo.com.br/,Imóveis Novo Mundo
"Av. Visc. de Guarapuava, 3511",Imobiliária,(41) 3515-1794,http://www.gonzagaimoveis.com.br/?pht=29941570112103545,Gonzaga Imóveis - Vendas
"R. Tijucas do Sul, 1250 - 12",Imobiliária,(41) 99719-0266,,MENDES IMOBILIARIA
"R, Av. Manoel Ribas, 5890 - sobre loja 8",Imobiliária,(41) 3364-7246,http://www.imobiliariasantafelicidade.com.br/,Imobiliária Santa Felicidade
"R. William Booth, 2590",Imobiliária,(41) 3093-4020,http://imobiliariaavante.com.br/,Imobiliária Avante
"Rua Arthur Tambosi, 41",Imobiliária,(41) 3347-3796,,Vitória Régia Imobiliária
"Condomínio Edifício Wall Street Center - Alameda Dr. Carlos de Carvalho, 771",Imobiliária,(41) 3023-1515,https://www.raffeimoveis.com.br/institucional.php,raffe imóveis
"R. Nelsom Ferreira da Luz, 286",Imobiliária,(41) 99861-0562,https://ronaldoimoveiscuritiba.com.br/apartamento-a-venda-no-campo-comprido-3-quartos-50-m%C2%B2/,Ronaldo Imóveis - Curitiba/PR
"R. André João Gasparin, 215 - Loja",Imobiliária,(41) 3010-0202,https://partnerimoveis.com.br/,PARTNER IMÓVEIS
"R. Dr. João de Paula Moura Brito, 696",Imobiliária,(41) 99977-2923,,Vendas Imoveis Curitiba
"R. Waldemar Kost, 1017",Imobiliária,(41) 3371-1200,https://www.apolar.com.br/,Apolar Imóveis Hauer
Av. das Torres nº 2848 esquina com Rua Santo Inácio de Loyola nº 534 sob - loja 03,Imobiliária,(41) 3376-1141,,M2 IMOBILIÁRIA
